{
  "encoder": "facebook/dinov2-base",
  "classifier": "linear",
  "use_lora": true,
  "num_folds": 4,
  "aggregated_metrics": {
    "accuracy": {
      "mean": 0.797478793590952,
      "std": 0.02099162092485759,
      "values": [
        0.8322337417530632,
        0.795947219604147,
        0.7803958529688972,
        0.7813383600377003
      ]
    },
    "precision_macro": {
      "mean": 0.7927892819282805,
      "std": 0.025463714548593582,
      "values": [
        0.8308116182062917,
        0.7748358574627374,
        0.8004211629046967,
        0.765088489139396
      ]
    },
    "recall_macro": {
      "mean": 0.7226677438972644,
      "std": 0.041892150043154205,
      "values": [
        0.7689375734377222,
        0.7598741946931076,
        0.678644090107002,
        0.683215117351226
      ]
    },
    "f1_macro": {
      "mean": 0.736282786313587,
      "std": 0.042682980616188575,
      "values": [
        0.7908717163677648,
        0.7650087013962641,
        0.6970270449523102,
        0.6922236825380088
      ]
    },
    "kappa_quadratic": {
      "mean": 0.841994525507643,
      "std": 0.016942217593180906,
      "values": [
        0.8667848278274556,
        0.8218998936186002,
        0.8319402978925127,
        0.8473530826920036
      ]
    },
    "auc_weighted": {
      "mean": 0.944662018823575,
      "std": 0.006784695980191823,
      "values": [
        0.9549046800727113,
        0.9395368208715081,
        0.9465672775067767,
        0.9376392968433042
      ]
    }
  },
  "individual_folds": [
    {
      "encoder": "facebook/dinov2-base",
      "use_lora": true,
      "classifier": "linear",
      "pooling": "cls",
      "epochs": 6,
      "batch_size": 16,
      "test_metrics": {
        "accuracy": 0.8322337417530632,
        "precision_macro": 0.8308116182062917,
        "recall_macro": 0.7689375734377222,
        "f1_macro": 0.7908717163677648,
        "kappa_quadratic": 0.8667848278274556,
        "confusion_matrix": [
          [
            610,
            11,
            20,
            3
          ],
          [
            46,
            280,
            67,
            0
          ],
          [
            29,
            46,
            752,
            26
          ],
          [
            6,
            0,
            102,
            124
          ]
        ],
        "auc_weighted": 0.9549046800727113
      },
      "fold": 1
    },
    {
      "encoder": "facebook/dinov2-base",
      "use_lora": true,
      "classifier": "linear",
      "pooling": "cls",
      "epochs": 6,
      "batch_size": 16,
      "test_metrics": {
        "accuracy": 0.795947219604147,
        "precision_macro": 0.7748358574627374,
        "recall_macro": 0.7598741946931076,
        "f1_macro": 0.7650087013962641,
        "kappa_quadratic": 0.8218998936186002,
        "confusion_matrix": [
          [
            589,
            15,
            30,
            10
          ],
          [
            60,
            236,
            96,
            1
          ],
          [
            31,
            65,
            701,
            56
          ],
          [
            13,
            0,
            56,
            163
          ]
        ],
        "auc_weighted": 0.9395368208715081
      },
      "fold": 2
    },
    {
      "encoder": "facebook/dinov2-base",
      "use_lora": true,
      "classifier": "linear",
      "pooling": "cls",
      "epochs": 6,
      "batch_size": 16,
      "test_metrics": {
        "accuracy": 0.7803958529688972,
        "precision_macro": 0.8004211629046967,
        "recall_macro": 0.678644090107002,
        "f1_macro": 0.6970270449523102,
        "kappa_quadratic": 0.8319402978925127,
        "confusion_matrix": [
          [
            612,
            20,
            11,
            1
          ],
          [
            32,
            252,
            109,
            0
          ],
          [
            40,
            75,
            730,
            8
          ],
          [
            7,
            3,
            160,
            62
          ]
        ],
        "auc_weighted": 0.9465672775067767
      },
      "fold": 3
    },
    {
      "encoder": "facebook/dinov2-base",
      "use_lora": true,
      "classifier": "linear",
      "pooling": "cls",
      "epochs": 6,
      "batch_size": 16,
      "test_metrics": {
        "accuracy": 0.7813383600377003,
        "precision_macro": 0.765088489139396,
        "recall_macro": 0.683215117351226,
        "f1_macro": 0.6922236825380088,
        "kappa_quadratic": 0.8473530826920036,
        "confusion_matrix": [
          [
            640,
            2,
            2,
            0
          ],
          [
            50,
            265,
            76,
            2
          ],
          [
            28,
            112,
            695,
            18
          ],
          [
            8,
            4,
            162,
            58
          ]
        ],
        "auc_weighted": 0.9376392968433042
      },
      "fold": 4
    }
  ],
  "confusion_matrices": {
    "average": [
      [
        612.75,
        12.0,
        15.75,
        3.5
      ],
      [
        47.0,
        258.25,
        87.0,
        0.75
      ],
      [
        32.0,
        74.5,
        719.5,
        27.0
      ],
      [
        8.5,
        1.75,
        120.0,
        101.75
      ]
    ],
    "per_fold": [
      {
        "fold": 1,
        "matrix": [
          [
            610,
            11,
            20,
            3
          ],
          [
            46,
            280,
            67,
            0
          ],
          [
            29,
            46,
            752,
            26
          ],
          [
            6,
            0,
            102,
            124
          ]
        ]
      },
      {
        "fold": 2,
        "matrix": [
          [
            589,
            15,
            30,
            10
          ],
          [
            60,
            236,
            96,
            1
          ],
          [
            31,
            65,
            701,
            56
          ],
          [
            13,
            0,
            56,
            163
          ]
        ]
      },
      {
        "fold": 3,
        "matrix": [
          [
            612,
            20,
            11,
            1
          ],
          [
            32,
            252,
            109,
            0
          ],
          [
            40,
            75,
            730,
            8
          ],
          [
            7,
            3,
            160,
            62
          ]
        ]
      },
      {
        "fold": 4,
        "matrix": [
          [
            640,
            2,
            2,
            0
          ],
          [
            50,
            265,
            76,
            2
          ],
          [
            28,
            112,
            695,
            18
          ],
          [
            8,
            4,
            162,
            58
          ]
        ]
      }
    ]
  }
}