{
  "encoder": "/Users/salvatorevella/Documents/GitHub/DataScience/CP8321/Project/Virchow2",
  "use_lora": true,
  "classifier": "linear",
  "pooling": "cls",
  "epochs": 10,
  "batch_size": 16,
  "test_metrics": {
    "accuracy": 0.8232799245994344,
    "precision_macro": 0.8120212215320911,
    "recall_macro": 0.7779066897147591,
    "f1_macro": 0.7922702059277376,
    "kappa_quadratic": 0.8905607728647925,
    "confusion_matrix": [
      [
        603,
        14,
        27,
        0
      ],
      [
        7,
        258,
        127,
        1
      ],
      [
        6,
        58,
        733,
        56
      ],
      [
        0,
        0,
        79,
        153
      ]
    ],
    "auc_weighted": 0.9521523002534392
  }
}