{
  "encoder": "/Users/salvatorevella/Documents/GitHub/DataScience/CP8321/Project/Virchow2",
  "use_lora": true,
  "classifier": "mlp",
  "pooling": "cls",
  "epochs": 10,
  "batch_size": 16,
  "test_metrics": {
    "accuracy": 0.850612629594722,
    "precision_macro": 0.8531301817248857,
    "recall_macro": 0.7943157655697548,
    "f1_macro": 0.8172857559046334,
    "kappa_quadratic": 0.900585054004566,
    "confusion_matrix": [
      [
        619,
        1,
        24,
        0
      ],
      [
        19,
        277,
        97,
        0
      ],
      [
        11,
        41,
        767,
        34
      ],
      [
        1,
        0,
        89,
        142
      ]
    ],
    "auc_weighted": 0.9660622355721048
  }
}