{
  "encoder": "facebook/dinov2-base",
  "classifier": "linear",
  "use_lora": false,
  "num_folds": 4,
  "aggregated_metrics": {
    "accuracy": {
      "mean": 0.6923892554194158,
      "std": 0.006840281982561167,
      "values": [
        0.6922714420358153,
        0.6842601319509897,
        0.70311027332705,
        0.6899151743638078
      ]
    },
    "precision_macro": {
      "mean": 0.6720022465579372,
      "std": 0.00847122958082168,
      "values": [
        0.6842231519709614,
        0.6628184354057656,
        0.6754204005161156,
        0.665546998338906
      ]
    },
    "recall_macro": {
      "mean": 0.6025762952875922,
      "std": 0.020160142521216836,
      "values": [
        0.5912252679085789,
        0.5856472268619264,
        0.6368459767710752,
        0.5965867096087881
      ]
    },
    "f1_macro": {
      "mean": 0.6101770982860315,
      "std": 0.019530552898099716,
      "values": [
        0.5978597782021908,
        0.5972255900588878,
        0.6438716074616242,
        0.6017514174214231
      ]
    },
    "kappa_quadratic": {
      "mean": 0.6493785234614651,
      "std": 0.02685668393332267,
      "values": [
        0.6662594799724297,
        0.6438197510508453,
        0.6791092618085635,
        0.6083256010140218
      ]
    },
    "auc_weighted": {
      "mean": 0.8840523141765309,
      "std": 0.004765441226935637,
      "values": [
        0.8824713383181069,
        0.879368426111445,
        0.8920208172858336,
        0.8823486749907377
      ]
    }
  },
  "individual_folds": [
    {
      "encoder": "facebook/dinov2-base",
      "use_lora": false,
      "classifier": "linear",
      "pooling": "cls",
      "epochs": 6,
      "batch_size": 16,
      "test_metrics": {
        "accuracy": 0.6922714420358153,
        "precision_macro": 0.6842231519709614,
        "recall_macro": 0.5912252679085789,
        "f1_macro": 0.5978597782021908,
        "kappa_quadratic": 0.6662594799724297,
        "confusion_matrix": [
          [
            601,
            20,
            22,
            1
          ],
          [
            107,
            192,
            89,
            5
          ],
          [
            127,
            82,
            628,
            16
          ],
          [
            42,
            0,
            142,
            48
          ]
        ],
        "auc_weighted": 0.8824713383181069
      },
      "fold": 1
    },
    {
      "encoder": "facebook/dinov2-base",
      "use_lora": false,
      "classifier": "linear",
      "pooling": "cls",
      "epochs": 6,
      "batch_size": 16,
      "test_metrics": {
        "accuracy": 0.6842601319509897,
        "precision_macro": 0.6628184354057656,
        "recall_macro": 0.5856472268619264,
        "f1_macro": 0.5972255900588878,
        "kappa_quadratic": 0.6438197510508453,
        "confusion_matrix": [
          [
            571,
            26,
            39,
            8
          ],
          [
            91,
            178,
            116,
            8
          ],
          [
            126,
            58,
            646,
            23
          ],
          [
            38,
            1,
            136,
            57
          ]
        ],
        "auc_weighted": 0.879368426111445
      },
      "fold": 2
    },
    {
      "encoder": "facebook/dinov2-base",
      "use_lora": false,
      "classifier": "linear",
      "pooling": "cls",
      "epochs": 6,
      "batch_size": 16,
      "test_metrics": {
        "accuracy": 0.70311027332705,
        "precision_macro": 0.6754204005161156,
        "recall_macro": 0.6368459767710752,
        "f1_macro": 0.6438716074616242,
        "kappa_quadratic": 0.6791092618085635,
        "confusion_matrix": [
          [
            583,
            30,
            23,
            8
          ],
          [
            82,
            228,
            75,
            8
          ],
          [
            112,
            112,
            597,
            32
          ],
          [
            32,
            11,
            105,
            84
          ]
        ],
        "auc_weighted": 0.8920208172858336
      },
      "fold": 3
    },
    {
      "encoder": "facebook/dinov2-base",
      "use_lora": false,
      "classifier": "linear",
      "pooling": "cls",
      "epochs": 6,
      "batch_size": 16,
      "test_metrics": {
        "accuracy": 0.6899151743638078,
        "precision_macro": 0.665546998338906,
        "recall_macro": 0.5965867096087881,
        "f1_macro": 0.6017514174214231,
        "kappa_quadratic": 0.6083256010140218,
        "confusion_matrix": [
          [
            596,
            22,
            17,
            9
          ],
          [
            97,
            211,
            81,
            4
          ],
          [
            154,
            68,
            608,
            23
          ],
          [
            59,
            4,
            120,
            49
          ]
        ],
        "auc_weighted": 0.8823486749907377
      },
      "fold": 4
    }
  ],
  "confusion_matrices": {
    "average": [
      [
        587.75,
        24.5,
        25.25,
        6.5
      ],
      [
        94.25,
        202.25,
        90.25,
        6.25
      ],
      [
        129.75,
        80.0,
        619.75,
        23.5
      ],
      [
        42.75,
        4.0,
        125.75,
        59.5
      ]
    ],
    "per_fold": [
      {
        "fold": 1,
        "matrix": [
          [
            601,
            20,
            22,
            1
          ],
          [
            107,
            192,
            89,
            5
          ],
          [
            127,
            82,
            628,
            16
          ],
          [
            42,
            0,
            142,
            48
          ]
        ]
      },
      {
        "fold": 2,
        "matrix": [
          [
            571,
            26,
            39,
            8
          ],
          [
            91,
            178,
            116,
            8
          ],
          [
            126,
            58,
            646,
            23
          ],
          [
            38,
            1,
            136,
            57
          ]
        ]
      },
      {
        "fold": 3,
        "matrix": [
          [
            583,
            30,
            23,
            8
          ],
          [
            82,
            228,
            75,
            8
          ],
          [
            112,
            112,
            597,
            32
          ],
          [
            32,
            11,
            105,
            84
          ]
        ]
      },
      {
        "fold": 4,
        "matrix": [
          [
            596,
            22,
            17,
            9
          ],
          [
            97,
            211,
            81,
            4
          ],
          [
            154,
            68,
            608,
            23
          ],
          [
            59,
            4,
            120,
            49
          ]
        ]
      }
    ]
  }
}