{
  "encoder": "owkin/phikon",
  "classifier": "mlp",
  "use_lora": false,
  "num_folds": 4,
  "aggregated_metrics": {
    "accuracy": {
      "mean": 0.7147737983034873,
      "std": 0.01814287855944006,
      "values": [
        0.7111215834118756,
        0.6913289349670122,
        0.7144203581526861,
        0.7422243166823751
      ]
    },
    "precision_macro": {
      "mean": 0.6969219755071172,
      "std": 0.018814891346987394,
      "values": [
        0.6810003947614713,
        0.6804964113533167,
        0.6995026129755324,
        0.7266884829381485
      ]
    },
    "recall_macro": {
      "mean": 0.6310942959382388,
      "std": 0.015041760645942849,
      "values": [
        0.6362104905456427,
        0.605858163982643,
        0.6367059778336595,
        0.6456025513910104
      ]
    },
    "f1_macro": {
      "mean": 0.641011051206738,
      "std": 0.018196558934529535,
      "values": [
        0.647804833714885,
        0.6098370048399763,
        0.6553556839689971,
        0.6510466823030934
      ]
    },
    "kappa_quadratic": {
      "mean": 0.7668173267684679,
      "std": 0.022834870662091306,
      "values": [
        0.7799011114545499,
        0.7300623336127356,
        0.7667481573006719,
        0.7905577047059145
      ]
    },
    "auc_weighted": {
      "mean": 0.9017651512424021,
      "std": 0.009836792018921696,
      "values": [
        0.8986521477270931,
        0.8875842764842544,
        0.9067567657538109,
        0.9140674150044494
      ]
    }
  },
  "individual_folds": [
    {
      "encoder": "owkin/phikon",
      "use_lora": false,
      "classifier": "mlp",
      "pooling": "mean",
      "epochs": 6,
      "batch_size": 16,
      "test_metrics": {
        "accuracy": 0.7111215834118756,
        "precision_macro": 0.6810003947614713,
        "recall_macro": 0.6362104905456427,
        "f1_macro": 0.647804833714885,
        "kappa_quadratic": 0.7799011114545499,
        "confusion_matrix": [
          [
            594,
            16,
            31,
            3
          ],
          [
            83,
            204,
            103,
            3
          ],
          [
            56,
            131,
            625,
            41
          ],
          [
            4,
            4,
            138,
            86
          ]
        ],
        "auc_weighted": 0.8986521477270931
      },
      "fold": 1
    },
    {
      "encoder": "owkin/phikon",
      "use_lora": false,
      "classifier": "mlp",
      "pooling": "mean",
      "epochs": 6,
      "batch_size": 16,
      "test_metrics": {
        "accuracy": 0.6913289349670122,
        "precision_macro": 0.6804964113533167,
        "recall_macro": 0.605858163982643,
        "f1_macro": 0.6098370048399763,
        "kappa_quadratic": 0.7300623336127356,
        "confusion_matrix": [
          [
            541,
            46,
            55,
            2
          ],
          [
            65,
            253,
            74,
            1
          ],
          [
            54,
            155,
            625,
            19
          ],
          [
            10,
            4,
            170,
            48
          ]
        ],
        "auc_weighted": 0.8875842764842544
      },
      "fold": 2
    },
    {
      "encoder": "owkin/phikon",
      "use_lora": false,
      "classifier": "mlp",
      "pooling": "mean",
      "epochs": 6,
      "batch_size": 16,
      "test_metrics": {
        "accuracy": 0.7144203581526861,
        "precision_macro": 0.6995026129755324,
        "recall_macro": 0.6367059778336595,
        "f1_macro": 0.6553556839689971,
        "kappa_quadratic": 0.7667481573006719,
        "confusion_matrix": [
          [
            556,
            19,
            64,
            5
          ],
          [
            48,
            210,
            132,
            3
          ],
          [
            28,
            129,
            664,
            32
          ],
          [
            1,
            11,
            134,
            86
          ]
        ],
        "auc_weighted": 0.9067567657538109
      },
      "fold": 3
    },
    {
      "encoder": "owkin/phikon",
      "use_lora": false,
      "classifier": "mlp",
      "pooling": "mean",
      "epochs": 6,
      "batch_size": 16,
      "test_metrics": {
        "accuracy": 0.7422243166823751,
        "precision_macro": 0.7266884829381485,
        "recall_macro": 0.6456025513910104,
        "f1_macro": 0.6510466823030934,
        "kappa_quadratic": 0.7905577047059145,
        "confusion_matrix": [
          [
            624,
            4,
            15,
            1
          ],
          [
            58,
            249,
            85,
            1
          ],
          [
            65,
            118,
            652,
            18
          ],
          [
            6,
            10,
            166,
            50
          ]
        ],
        "auc_weighted": 0.9140674150044494
      },
      "fold": 4
    }
  ],
  "confusion_matrices": {
    "average": [
      [
        578.75,
        21.25,
        41.25,
        2.75
      ],
      [
        63.5,
        229.0,
        98.5,
        2.0
      ],
      [
        50.75,
        133.25,
        641.5,
        27.5
      ],
      [
        5.25,
        7.25,
        152.0,
        67.5
      ]
    ],
    "per_fold": [
      {
        "fold": 1,
        "matrix": [
          [
            594,
            16,
            31,
            3
          ],
          [
            83,
            204,
            103,
            3
          ],
          [
            56,
            131,
            625,
            41
          ],
          [
            4,
            4,
            138,
            86
          ]
        ]
      },
      {
        "fold": 2,
        "matrix": [
          [
            541,
            46,
            55,
            2
          ],
          [
            65,
            253,
            74,
            1
          ],
          [
            54,
            155,
            625,
            19
          ],
          [
            10,
            4,
            170,
            48
          ]
        ]
      },
      {
        "fold": 3,
        "matrix": [
          [
            556,
            19,
            64,
            5
          ],
          [
            48,
            210,
            132,
            3
          ],
          [
            28,
            129,
            664,
            32
          ],
          [
            1,
            11,
            134,
            86
          ]
        ]
      },
      {
        "fold": 4,
        "matrix": [
          [
            624,
            4,
            15,
            1
          ],
          [
            58,
            249,
            85,
            1
          ],
          [
            65,
            118,
            652,
            18
          ],
          [
            6,
            10,
            166,
            50
          ]
        ]
      }
    ]
  }
}