{
  "encoder": "owkin/phikon",
  "classifier": "mlp",
  "use_lora": false,
  "num_folds": 4,
  "aggregated_metrics": {
    "accuracy": {
      "mean": 0.6899151743638078,
      "std": 0.011691457332757102,
      "values": [
        0.6998114985862394,
        0.6729500471253534,
        0.7016965127238455,
        0.6852026390197926
      ]
    },
    "precision_macro": {
      "mean": 0.6717961747926459,
      "std": 0.009144441409004554,
      "values": [
        0.6730197637831433,
        0.666492577647644,
        0.6616596709803939,
        0.6860126867594024
      ]
    },
    "recall_macro": {
      "mean": 0.6350240517503712,
      "std": 0.028252231627230975,
      "values": [
        0.6378143887471427,
        0.5957653133361138,
        0.6753800482075017,
        0.6311364567107268
      ]
    },
    "f1_macro": {
      "mean": 0.6299604820147,
      "std": 0.024804987170041735,
      "values": [
        0.6410726758088939,
        0.5998281499206188,
        0.6644588327702543,
        0.6144822695590328
      ]
    },
    "kappa_quadratic": {
      "mean": 0.7711499476036265,
      "std": 0.02599628725373503,
      "values": [
        0.789774950141344,
        0.7442662972426872,
        0.8035591565549756,
        0.7469993864754993
      ]
    },
    "auc_weighted": {
      "mean": 0.895274769831951,
      "std": 0.008849551125975994,
      "values": [
        0.8914585351124594,
        0.8825507155385788,
        0.9035798078590986,
        0.9035100208176676
      ]
    }
  },
  "individual_folds": [
    {
      "encoder": "owkin/phikon",
      "use_lora": false,
      "classifier": "mlp",
      "pooling": "cls",
      "epochs": 6,
      "batch_size": 16,
      "test_metrics": {
        "accuracy": 0.6998114985862394,
        "precision_macro": 0.6730197637831433,
        "recall_macro": 0.6378143887471427,
        "f1_macro": 0.6410726758088939,
        "kappa_quadratic": 0.789774950141344,
        "confusion_matrix": [
          [
            606,
            26,
            11,
            1
          ],
          [
            93,
            235,
            64,
            1
          ],
          [
            54,
            197,
            562,
            40
          ],
          [
            7,
            1,
            142,
            82
          ]
        ],
        "auc_weighted": 0.8914585351124594
      },
      "fold": 1
    },
    {
      "encoder": "owkin/phikon",
      "use_lora": false,
      "classifier": "mlp",
      "pooling": "cls",
      "epochs": 6,
      "batch_size": 16,
      "test_metrics": {
        "accuracy": 0.6729500471253534,
        "precision_macro": 0.666492577647644,
        "recall_macro": 0.5957653133361138,
        "f1_macro": 0.5998281499206188,
        "kappa_quadratic": 0.7442662972426872,
        "confusion_matrix": [
          [
            520,
            73,
            49,
            2
          ],
          [
            85,
            249,
            58,
            1
          ],
          [
            31,
            196,
            605,
            21
          ],
          [
            8,
            3,
            167,
            54
          ]
        ],
        "auc_weighted": 0.8825507155385788
      },
      "fold": 2
    },
    {
      "encoder": "owkin/phikon",
      "use_lora": false,
      "classifier": "mlp",
      "pooling": "cls",
      "epochs": 6,
      "batch_size": 16,
      "test_metrics": {
        "accuracy": 0.7016965127238455,
        "precision_macro": 0.6616596709803939,
        "recall_macro": 0.6753800482075017,
        "f1_macro": 0.6644588327702543,
        "kappa_quadratic": 0.8035591565549756,
        "confusion_matrix": [
          [
            601,
            30,
            5,
            8
          ],
          [
            61,
            251,
            80,
            1
          ],
          [
            38,
            210,
            515,
            90
          ],
          [
            3,
            6,
            101,
            122
          ]
        ],
        "auc_weighted": 0.9035798078590986
      },
      "fold": 3
    },
    {
      "encoder": "owkin/phikon",
      "use_lora": false,
      "classifier": "mlp",
      "pooling": "cls",
      "epochs": 6,
      "batch_size": 16,
      "test_metrics": {
        "accuracy": 0.6852026390197926,
        "precision_macro": 0.6860126867594024,
        "recall_macro": 0.6311364567107268,
        "f1_macro": 0.6144822695590328,
        "kappa_quadratic": 0.7469993864754993,
        "confusion_matrix": [
          [
            634,
            8,
            1,
            1
          ],
          [
            70,
            296,
            26,
            1
          ],
          [
            92,
            274,
            469,
            18
          ],
          [
            4,
            22,
            151,
            55
          ]
        ],
        "auc_weighted": 0.9035100208176676
      },
      "fold": 4
    }
  ],
  "confusion_matrices": {
    "average": [
      [
        590.25,
        34.25,
        16.5,
        3.0
      ],
      [
        77.25,
        257.75,
        57.0,
        1.0
      ],
      [
        53.75,
        219.25,
        537.75,
        42.25
      ],
      [
        5.5,
        8.0,
        140.25,
        78.25
      ]
    ],
    "per_fold": [
      {
        "fold": 1,
        "matrix": [
          [
            606,
            26,
            11,
            1
          ],
          [
            93,
            235,
            64,
            1
          ],
          [
            54,
            197,
            562,
            40
          ],
          [
            7,
            1,
            142,
            82
          ]
        ]
      },
      {
        "fold": 2,
        "matrix": [
          [
            520,
            73,
            49,
            2
          ],
          [
            85,
            249,
            58,
            1
          ],
          [
            31,
            196,
            605,
            21
          ],
          [
            8,
            3,
            167,
            54
          ]
        ]
      },
      {
        "fold": 3,
        "matrix": [
          [
            601,
            30,
            5,
            8
          ],
          [
            61,
            251,
            80,
            1
          ],
          [
            38,
            210,
            515,
            90
          ],
          [
            3,
            6,
            101,
            122
          ]
        ]
      },
      {
        "fold": 4,
        "matrix": [
          [
            634,
            8,
            1,
            1
          ],
          [
            70,
            296,
            26,
            1
          ],
          [
            92,
            274,
            469,
            18
          ],
          [
            4,
            22,
            151,
            55
          ]
        ]
      }
    ]
  }
}