{
  "encoder": "owkin/phikon",
  "classifier": "linear",
  "use_lora": false,
  "num_folds": 4,
  "aggregated_metrics": {
    "accuracy": {
      "mean": 0.7051131008482564,
      "std": 0.0205910698368607,
      "values": [
        0.6819038642789821,
        0.6880301602262017,
        0.7200754005655042,
        0.7304429783223374
      ]
    },
    "precision_macro": {
      "mean": 0.6809000463309711,
      "std": 0.02791403223822409,
      "values": [
        0.6422429672392456,
        0.6709908552906659,
        0.6920517371706155,
        0.7183146256233574
      ]
    },
    "recall_macro": {
      "mean": 0.6208451801877567,
      "std": 0.022850523103007,
      "values": [
        0.6193845348837316,
        0.596268385194683,
        0.6577747675192,
        0.6099530331534122
      ]
    },
    "f1_macro": {
      "mean": 0.629357661312312,
      "std": 0.02327665064808432,
      "values": [
        0.6225498864449834,
        0.6102312527744312,
        0.6689588817309285,
        0.6156906242989043
      ]
    },
    "kappa_quadratic": {
      "mean": 0.7695708986592422,
      "std": 0.024720567132600714,
      "values": [
        0.7628881734740617,
        0.7319353805407482,
        0.7909295914511267,
        0.7925304491710323
      ]
    },
    "auc_weighted": {
      "mean": 0.8949176706346563,
      "std": 0.011986339261161862,
      "values": [
        0.8823640688259828,
        0.8835528708191118,
        0.9078496905943594,
        0.9059040522991714
      ]
    }
  },
  "individual_folds": [
    {
      "encoder": "owkin/phikon",
      "use_lora": false,
      "classifier": "linear",
      "pooling": "cls",
      "epochs": 6,
      "batch_size": 16,
      "test_metrics": {
        "accuracy": 0.6819038642789821,
        "precision_macro": 0.6422429672392456,
        "recall_macro": 0.6193845348837316,
        "f1_macro": 0.6225498864449834,
        "kappa_quadratic": 0.7628881734740617,
        "confusion_matrix": [
          [
            586,
            29,
            27,
            2
          ],
          [
            99,
            217,
            72,
            5
          ],
          [
            58,
            181,
            561,
            53
          ],
          [
            8,
            1,
            140,
            83
          ]
        ],
        "auc_weighted": 0.8823640688259828
      },
      "fold": 1
    },
    {
      "encoder": "owkin/phikon",
      "use_lora": false,
      "classifier": "linear",
      "pooling": "cls",
      "epochs": 6,
      "batch_size": 16,
      "test_metrics": {
        "accuracy": 0.6880301602262017,
        "precision_macro": 0.6709908552906659,
        "recall_macro": 0.596268385194683,
        "f1_macro": 0.6102312527744312,
        "kappa_quadratic": 0.7319353805407482,
        "confusion_matrix": [
          [
            557,
            15,
            71,
            1
          ],
          [
            112,
            190,
            90,
            1
          ],
          [
            51,
            124,
            649,
            29
          ],
          [
            12,
            0,
            156,
            64
          ]
        ],
        "auc_weighted": 0.8835528708191118
      },
      "fold": 2
    },
    {
      "encoder": "owkin/phikon",
      "use_lora": false,
      "classifier": "linear",
      "pooling": "cls",
      "epochs": 6,
      "batch_size": 16,
      "test_metrics": {
        "accuracy": 0.7200754005655042,
        "precision_macro": 0.6920517371706155,
        "recall_macro": 0.6577747675192,
        "f1_macro": 0.6689588817309285,
        "kappa_quadratic": 0.7909295914511267,
        "confusion_matrix": [
          [
            590,
            19,
            34,
            1
          ],
          [
            79,
            206,
            107,
            1
          ],
          [
            45,
            131,
            626,
            51
          ],
          [
            8,
            2,
            116,
            106
          ]
        ],
        "auc_weighted": 0.9078496905943594
      },
      "fold": 3
    },
    {
      "encoder": "owkin/phikon",
      "use_lora": false,
      "classifier": "linear",
      "pooling": "cls",
      "epochs": 6,
      "batch_size": 16,
      "test_metrics": {
        "accuracy": 0.7304429783223374,
        "precision_macro": 0.7183146256233574,
        "recall_macro": 0.6099530331534122,
        "f1_macro": 0.6156906242989043,
        "kappa_quadratic": 0.7925304491710323,
        "confusion_matrix": [
          [
            621,
            4,
            14,
            5
          ],
          [
            76,
            197,
            119,
            1
          ],
          [
            61,
            87,
            695,
            10
          ],
          [
            2,
            4,
            189,
            37
          ]
        ],
        "auc_weighted": 0.9059040522991714
      },
      "fold": 4
    }
  ],
  "confusion_matrices": {
    "average": [
      [
        588.5,
        16.75,
        36.5,
        2.25
      ],
      [
        91.5,
        202.5,
        97.0,
        2.0
      ],
      [
        53.75,
        130.75,
        632.75,
        35.75
      ],
      [
        7.5,
        1.75,
        150.25,
        72.5
      ]
    ],
    "per_fold": [
      {
        "fold": 1,
        "matrix": [
          [
            586,
            29,
            27,
            2
          ],
          [
            99,
            217,
            72,
            5
          ],
          [
            58,
            181,
            561,
            53
          ],
          [
            8,
            1,
            140,
            83
          ]
        ]
      },
      {
        "fold": 2,
        "matrix": [
          [
            557,
            15,
            71,
            1
          ],
          [
            112,
            190,
            90,
            1
          ],
          [
            51,
            124,
            649,
            29
          ],
          [
            12,
            0,
            156,
            64
          ]
        ]
      },
      {
        "fold": 3,
        "matrix": [
          [
            590,
            19,
            34,
            1
          ],
          [
            79,
            206,
            107,
            1
          ],
          [
            45,
            131,
            626,
            51
          ],
          [
            8,
            2,
            116,
            106
          ]
        ]
      },
      {
        "fold": 4,
        "matrix": [
          [
            621,
            4,
            14,
            5
          ],
          [
            76,
            197,
            119,
            1
          ],
          [
            61,
            87,
            695,
            10
          ],
          [
            2,
            4,
            189,
            37
          ]
        ]
      }
    ]
  }
}