{
  "encoder": "facebook/dinov2-base",
  "classifier": "rf",
  "use_lora": false,
  "num_folds": 4,
  "aggregated_metrics": {
    "accuracy": {
      "mean": 0.6376060320452404,
      "std": 0.005064605386476137,
      "values": [
        0.6451460885956645,
        0.6310084825636192,
        0.6361922714420358,
        0.6380772855796418
      ]
    },
    "precision_macro": {
      "mean": 0.7193237024971333,
      "std": 0.03310425952543774,
      "values": [
        0.7138355237067171,
        0.7447231014998669,
        0.7512613500442226,
        0.667474834737727
      ]
    },
    "recall_macro": {
      "mean": 0.4875258613011645,
      "std": 0.004368996164917501,
      "values": [
        0.4948760443452112,
        0.48411750950998766,
        0.48434221313418435,
        0.48676767821527483
      ]
    },
    "f1_macro": {
      "mean": 0.4642215428486356,
      "std": 0.0070250094332905315,
      "values": [
        0.4742730809316407,
        0.46064436514001617,
        0.4553890637047546,
        0.46657966161813075
      ]
    },
    "kappa_quadratic": {
      "mean": 0.576338171128585,
      "std": 0.01171029525201621,
      "values": [
        0.5890978246459146,
        0.5588692321995231,
        0.5845861486214542,
        0.5727994790474482
      ]
    },
    "auc_weighted": {
      "mean": 0.8459506386586881,
      "std": 0.005173139805218419,
      "values": [
        0.8479070208224408,
        0.8378661782598579,
        0.8521036014754158,
        0.8459257540770377
      ]
    }
  },
  "individual_folds": [
    {
      "encoder": "facebook/dinov2-base",
      "use_lora": false,
      "classifier": "rf",
      "pooling": "mean",
      "epochs": 6,
      "batch_size": 16,
      "test_metrics": {
        "accuracy": 0.6451460885956645,
        "precision_macro": 0.7138355237067171,
        "recall_macro": 0.4948760443452112,
        "f1_macro": 0.4742730809316407,
        "kappa_quadratic": 0.5890978246459146,
        "confusion_matrix": [
          [
            579,
            9,
            55,
            1
          ],
          [
            118,
            85,
            190,
            0
          ],
          [
            143,
            15,
            693,
            2
          ],
          [
            53,
            0,
            167,
            12
          ]
        ],
        "auc_weighted": 0.8479070208224408
      },
      "fold": 1
    },
    {
      "encoder": "facebook/dinov2-base",
      "use_lora": false,
      "classifier": "rf",
      "pooling": "mean",
      "epochs": 6,
      "batch_size": 16,
      "test_metrics": {
        "accuracy": 0.6310084825636192,
        "precision_macro": 0.7447231014998669,
        "recall_macro": 0.48411750950998766,
        "f1_macro": 0.46064436514001617,
        "kappa_quadratic": 0.5588692321995231,
        "confusion_matrix": [
          [
            563,
            11,
            70,
            0
          ],
          [
            106,
            102,
            185,
            0
          ],
          [
            156,
            27,
            670,
            0
          ],
          [
            53,
            0,
            175,
            4
          ]
        ],
        "auc_weighted": 0.8378661782598579
      },
      "fold": 2
    },
    {
      "encoder": "facebook/dinov2-base",
      "use_lora": false,
      "classifier": "rf",
      "pooling": "mean",
      "epochs": 6,
      "batch_size": 16,
      "test_metrics": {
        "accuracy": 0.6361922714420358,
        "precision_macro": 0.7512613500442226,
        "recall_macro": 0.48434221313418435,
        "f1_macro": 0.4553890637047546,
        "kappa_quadratic": 0.5845861486214542,
        "confusion_matrix": [
          [
            601,
            2,
            41,
            0
          ],
          [
            117,
            69,
            207,
            0
          ],
          [
            171,
            11,
            670,
            1
          ],
          [
            52,
            0,
            170,
            10
          ]
        ],
        "auc_weighted": 0.8521036014754158
      },
      "fold": 3
    },
    {
      "encoder": "facebook/dinov2-base",
      "use_lora": false,
      "classifier": "rf",
      "pooling": "mean",
      "epochs": 6,
      "batch_size": 16,
      "test_metrics": {
        "accuracy": 0.6380772855796418,
        "precision_macro": 0.667474834737727,
        "recall_macro": 0.48676767821527483,
        "f1_macro": 0.46657966161813075,
        "kappa_quadratic": 0.5727994790474482,
        "confusion_matrix": [
          [
            557,
            8,
            77,
            2
          ],
          [
            77,
            94,
            222,
            0
          ],
          [
            139,
            15,
            697,
            2
          ],
          [
            46,
            1,
            179,
            6
          ]
        ],
        "auc_weighted": 0.8459257540770377
      },
      "fold": 4
    }
  ],
  "confusion_matrices": {
    "average": [
      [
        575.0,
        7.5,
        60.75,
        0.75
      ],
      [
        104.5,
        87.5,
        201.0,
        0.0
      ],
      [
        152.25,
        17.0,
        682.5,
        1.25
      ],
      [
        51.0,
        0.25,
        172.75,
        8.0
      ]
    ],
    "per_fold": [
      {
        "fold": 1,
        "matrix": [
          [
            579,
            9,
            55,
            1
          ],
          [
            118,
            85,
            190,
            0
          ],
          [
            143,
            15,
            693,
            2
          ],
          [
            53,
            0,
            167,
            12
          ]
        ]
      },
      {
        "fold": 2,
        "matrix": [
          [
            563,
            11,
            70,
            0
          ],
          [
            106,
            102,
            185,
            0
          ],
          [
            156,
            27,
            670,
            0
          ],
          [
            53,
            0,
            175,
            4
          ]
        ]
      },
      {
        "fold": 3,
        "matrix": [
          [
            601,
            2,
            41,
            0
          ],
          [
            117,
            69,
            207,
            0
          ],
          [
            171,
            11,
            670,
            1
          ],
          [
            52,
            0,
            170,
            10
          ]
        ]
      },
      {
        "fold": 4,
        "matrix": [
          [
            557,
            8,
            77,
            2
          ],
          [
            77,
            94,
            222,
            0
          ],
          [
            139,
            15,
            697,
            2
          ],
          [
            46,
            1,
            179,
            6
          ]
        ]
      }
    ]
  }
}