{
  "encoder": "facebook/dinov2-base",
  "use_lora": false,
  "classifier": "rf",
  "pooling": "mean",
  "epochs": 6,
  "batch_size": 16,
  "test_metrics": {
    "accuracy": 0.6310084825636192,
    "precision_macro": 0.7447231014998669,
    "recall_macro": 0.48411750950998766,
    "f1_macro": 0.46064436514001617,
    "kappa_quadratic": 0.5588692321995231,
    "confusion_matrix": [
      [
        563,
        11,
        70,
        0
      ],
      [
        106,
        102,
        185,
        0
      ],
      [
        156,
        27,
        670,
        0
      ],
      [
        53,
        0,
        175,
        4
      ]
    ],
    "auc_weighted": 0.8378661782598579
  }
}