{
  "encoder": "facebook/dinov2-base",
  "classifier": "mlp",
  "use_lora": false,
  "num_folds": 4,
  "aggregated_metrics": {
    "accuracy": {
      "mean": 0.7306786050895382,
      "std": 0.005124543631227978,
      "values": [
        0.7309142318567389,
        0.7257304429783223,
        0.7389255419415646,
        0.7271442035815269
      ]
    },
    "precision_macro": {
      "mean": 0.7142387954897376,
      "std": 0.006422208786491312,
      "values": [
        0.7124074006002994,
        0.7251876857505997,
        0.709982121205464,
        0.709377974402587
      ]
    },
    "recall_macro": {
      "mean": 0.6484405089210088,
      "std": 0.024361965961019343,
      "values": [
        0.6461778834146626,
        0.6223755431446181,
        0.6879843500006362,
        0.6372242591241183
      ]
    },
    "f1_macro": {
      "mean": 0.6591926364641789,
      "std": 0.0208953607871259,
      "values": [
        0.6574795653023333,
        0.6376774558316005,
        0.6932884322118049,
        0.6483250925109768
      ]
    },
    "kappa_quadratic": {
      "mean": 0.7345612951527911,
      "std": 0.019319430833170535,
      "values": [
        0.7443303395186878,
        0.7471199130566688,
        0.7456521968648245,
        0.701142731170983
      ]
    },
    "auc_weighted": {
      "mean": 0.9065517418433859,
      "std": 0.004209757892942885,
      "values": [
        0.9074149518984012,
        0.9022632544339179,
        0.9130542514860492,
        0.9034745095551755
      ]
    }
  },
  "individual_folds": [
    {
      "encoder": "facebook/dinov2-base",
      "use_lora": false,
      "classifier": "mlp",
      "pooling": "cls",
      "epochs": 6,
      "batch_size": 16,
      "test_metrics": {
        "accuracy": 0.7309142318567389,
        "precision_macro": 0.7124074006002994,
        "recall_macro": 0.6461778834146626,
        "f1_macro": 0.6574795653023333,
        "kappa_quadratic": 0.7443303395186878,
        "confusion_matrix": [
          [
            571,
            39,
            27,
            7
          ],
          [
            75,
            247,
            68,
            3
          ],
          [
            75,
            92,
            666,
            20
          ],
          [
            17,
            1,
            147,
            67
          ]
        ],
        "auc_weighted": 0.9074149518984012
      },
      "fold": 1
    },
    {
      "encoder": "facebook/dinov2-base",
      "use_lora": false,
      "classifier": "mlp",
      "pooling": "cls",
      "epochs": 6,
      "batch_size": 16,
      "test_metrics": {
        "accuracy": 0.7257304429783223,
        "precision_macro": 0.7251876857505997,
        "recall_macro": 0.6223755431446181,
        "f1_macro": 0.6376774558316005,
        "kappa_quadratic": 0.7471199130566688,
        "confusion_matrix": [
          [
            585,
            19,
            37,
            3
          ],
          [
            82,
            206,
            103,
            2
          ],
          [
            72,
            74,
            692,
            15
          ],
          [
            16,
            1,
            158,
            57
          ]
        ],
        "auc_weighted": 0.9022632544339179
      },
      "fold": 2
    },
    {
      "encoder": "facebook/dinov2-base",
      "use_lora": false,
      "classifier": "mlp",
      "pooling": "cls",
      "epochs": 6,
      "batch_size": 16,
      "test_metrics": {
        "accuracy": 0.7389255419415646,
        "precision_macro": 0.709982121205464,
        "recall_macro": 0.6879843500006362,
        "f1_macro": 0.6932884322118049,
        "kappa_quadratic": 0.7456521968648245,
        "confusion_matrix": [
          [
            605,
            20,
            16,
            3
          ],
          [
            84,
            226,
            67,
            16
          ],
          [
            99,
            86,
            618,
            50
          ],
          [
            23,
            1,
            89,
            119
          ]
        ],
        "auc_weighted": 0.9130542514860492
      },
      "fold": 3
    },
    {
      "encoder": "facebook/dinov2-base",
      "use_lora": false,
      "classifier": "mlp",
      "pooling": "cls",
      "epochs": 6,
      "batch_size": 16,
      "test_metrics": {
        "accuracy": 0.7271442035815269,
        "precision_macro": 0.709377974402587,
        "recall_macro": 0.6372242591241183,
        "f1_macro": 0.6483250925109768,
        "kappa_quadratic": 0.701142731170983,
        "confusion_matrix": [
          [
            602,
            23,
            13,
            6
          ],
          [
            78,
            226,
            82,
            7
          ],
          [
            109,
            74,
            651,
            19
          ],
          [
            36,
            0,
            132,
            64
          ]
        ],
        "auc_weighted": 0.9034745095551755
      },
      "fold": 4
    }
  ],
  "confusion_matrices": {
    "average": [
      [
        590.75,
        25.25,
        23.25,
        4.75
      ],
      [
        79.75,
        226.25,
        80.0,
        7.0
      ],
      [
        88.75,
        81.5,
        656.75,
        26.0
      ],
      [
        23.0,
        0.75,
        131.5,
        76.75
      ]
    ],
    "per_fold": [
      {
        "fold": 1,
        "matrix": [
          [
            571,
            39,
            27,
            7
          ],
          [
            75,
            247,
            68,
            3
          ],
          [
            75,
            92,
            666,
            20
          ],
          [
            17,
            1,
            147,
            67
          ]
        ]
      },
      {
        "fold": 2,
        "matrix": [
          [
            585,
            19,
            37,
            3
          ],
          [
            82,
            206,
            103,
            2
          ],
          [
            72,
            74,
            692,
            15
          ],
          [
            16,
            1,
            158,
            57
          ]
        ]
      },
      {
        "fold": 3,
        "matrix": [
          [
            605,
            20,
            16,
            3
          ],
          [
            84,
            226,
            67,
            16
          ],
          [
            99,
            86,
            618,
            50
          ],
          [
            23,
            1,
            89,
            119
          ]
        ]
      },
      {
        "fold": 4,
        "matrix": [
          [
            602,
            23,
            13,
            6
          ],
          [
            78,
            226,
            82,
            7
          ],
          [
            109,
            74,
            651,
            19
          ],
          [
            36,
            0,
            132,
            64
          ]
        ]
      }
    ]
  }
}