{
  "encoder": "facebook/dinov2-base",
  "use_lora": false,
  "classifier": "mlp",
  "pooling": "cls",
  "epochs": 6,
  "batch_size": 16,
  "test_metrics": {
    "accuracy": 0.7309142318567389,
    "precision_macro": 0.7124074006002994,
    "recall_macro": 0.6461778834146626,
    "f1_macro": 0.6574795653023333,
    "kappa_quadratic": 0.7443303395186878,
    "confusion_matrix": [
      [
        571,
        39,
        27,
        7
      ],
      [
        75,
        247,
        68,
        3
      ],
      [
        75,
        92,
        666,
        20
      ],
      [
        17,
        1,
        147,
        67
      ]
    ],
    "auc_weighted": 0.9074149518984012
  }
}