{
  "encoder": "facebook/dinov2-base",
  "use_lora": false,
  "classifier": "mlp",
  "pooling": "cls",
  "epochs": 6,
  "batch_size": 16,
  "test_metrics": {
    "accuracy": 0.7389255419415646,
    "precision_macro": 0.709982121205464,
    "recall_macro": 0.6879843500006362,
    "f1_macro": 0.6932884322118049,
    "kappa_quadratic": 0.7456521968648245,
    "confusion_matrix": [
      [
        605,
        20,
        16,
        3
      ],
      [
        84,
        226,
        67,
        16
      ],
      [
        99,
        86,
        618,
        50
      ],
      [
        23,
        1,
        89,
        119
      ]
    ],
    "auc_weighted": 0.9130542514860492
  }
}