{
  "encoder": "facebook/dinov2-base",
  "classifier": "rf",
  "use_lora": false,
  "num_folds": 4,
  "aggregated_metrics": {
    "accuracy": {
      "mean": 0.655631479736098,
      "std": 0.00411335774036196,
      "values": [
        0.6592836946277097,
        0.6536286522148916,
        0.6498586239396795,
        0.6597549481621112
      ]
    },
    "precision_macro": {
      "mean": 0.7213015666198668,
      "std": 0.033549425798359775,
      "values": [
        0.7403393100017617,
        0.7206698027822871,
        0.7566520898712876,
        0.6675450638241306
      ]
    },
    "recall_macro": {
      "mean": 0.5143366205574085,
      "std": 0.004573899656708599,
      "values": [
        0.5182059652990326,
        0.5156267179587383,
        0.5065734580311227,
        0.5169403409407402
      ]
    },
    "f1_macro": {
      "mean": 0.49786093061139347,
      "std": 0.004945127592740415,
      "values": [
        0.5034404994789929,
        0.4975824459135123,
        0.4900841199776056,
        0.5003366570754632
      ]
    },
    "kappa_quadratic": {
      "mean": 0.5819839911941261,
      "std": 0.014303186827157838,
      "values": [
        0.5921815942885208,
        0.5656879195182383,
        0.57036734853881,
        0.5996991024309356
      ]
    },
    "auc_weighted": {
      "mean": 0.8689888225986007,
      "std": 0.0039139383802913276,
      "values": [
        0.8678620524655081,
        0.8630971358372745,
        0.8719215520592324,
        0.8730745500323874
      ]
    }
  },
  "individual_folds": [
    {
      "encoder": "facebook/dinov2-base",
      "use_lora": false,
      "classifier": "rf",
      "pooling": "cls",
      "epochs": 6,
      "batch_size": 16,
      "test_metrics": {
        "accuracy": 0.6592836946277097,
        "precision_macro": 0.7403393100017617,
        "recall_macro": 0.5182059652990326,
        "f1_macro": 0.5034404994789929,
        "kappa_quadratic": 0.5921815942885208,
        "confusion_matrix": [
          [
            602,
            6,
            36,
            0
          ],
          [
            114,
            121,
            158,
            0
          ],
          [
            165,
            22,
            664,
            2
          ],
          [
            57,
            0,
            163,
            12
          ]
        ],
        "auc_weighted": 0.8678620524655081
      },
      "fold": 1
    },
    {
      "encoder": "facebook/dinov2-base",
      "use_lora": false,
      "classifier": "rf",
      "pooling": "cls",
      "epochs": 6,
      "batch_size": 16,
      "test_metrics": {
        "accuracy": 0.6536286522148916,
        "precision_macro": 0.7206698027822871,
        "recall_macro": 0.5156267179587383,
        "f1_macro": 0.4975824459135123,
        "kappa_quadratic": 0.5656879195182383,
        "confusion_matrix": [
          [
            582,
            10,
            52,
            0
          ],
          [
            109,
            143,
            141,
            0
          ],
          [
            155,
            41,
            656,
            1
          ],
          [
            64,
            0,
            162,
            6
          ]
        ],
        "auc_weighted": 0.8630971358372745
      },
      "fold": 2
    },
    {
      "encoder": "facebook/dinov2-base",
      "use_lora": false,
      "classifier": "rf",
      "pooling": "cls",
      "epochs": 6,
      "batch_size": 16,
      "test_metrics": {
        "accuracy": 0.6498586239396795,
        "precision_macro": 0.7566520898712876,
        "recall_macro": 0.5065734580311227,
        "f1_macro": 0.4900841199776056,
        "kappa_quadratic": 0.57036734853881,
        "confusion_matrix": [
          [
            598,
            2,
            44,
            0
          ],
          [
            108,
            103,
            182,
            0
          ],
          [
            167,
            20,
            665,
            1
          ],
          [
            63,
            0,
            156,
            13
          ]
        ],
        "auc_weighted": 0.8719215520592324
      },
      "fold": 3
    },
    {
      "encoder": "facebook/dinov2-base",
      "use_lora": false,
      "classifier": "rf",
      "pooling": "cls",
      "epochs": 6,
      "batch_size": 16,
      "test_metrics": {
        "accuracy": 0.6597549481621112,
        "precision_macro": 0.6675450638241306,
        "recall_macro": 0.5169403409407402,
        "f1_macro": 0.5003366570754632,
        "kappa_quadratic": 0.5996991024309356,
        "confusion_matrix": [
          [
            581,
            8,
            53,
            2
          ],
          [
            90,
            136,
            167,
            0
          ],
          [
            140,
            34,
            677,
            2
          ],
          [
            48,
            0,
            178,
            6
          ]
        ],
        "auc_weighted": 0.8730745500323874
      },
      "fold": 4
    }
  ],
  "confusion_matrices": {
    "average": [
      [
        590.75,
        6.5,
        46.25,
        0.5
      ],
      [
        105.25,
        125.75,
        162.0,
        0.0
      ],
      [
        156.75,
        29.25,
        665.5,
        1.5
      ],
      [
        58.0,
        0.0,
        164.75,
        9.25
      ]
    ],
    "per_fold": [
      {
        "fold": 1,
        "matrix": [
          [
            602,
            6,
            36,
            0
          ],
          [
            114,
            121,
            158,
            0
          ],
          [
            165,
            22,
            664,
            2
          ],
          [
            57,
            0,
            163,
            12
          ]
        ]
      },
      {
        "fold": 2,
        "matrix": [
          [
            582,
            10,
            52,
            0
          ],
          [
            109,
            143,
            141,
            0
          ],
          [
            155,
            41,
            656,
            1
          ],
          [
            64,
            0,
            162,
            6
          ]
        ]
      },
      {
        "fold": 3,
        "matrix": [
          [
            598,
            2,
            44,
            0
          ],
          [
            108,
            103,
            182,
            0
          ],
          [
            167,
            20,
            665,
            1
          ],
          [
            63,
            0,
            156,
            13
          ]
        ]
      },
      {
        "fold": 4,
        "matrix": [
          [
            581,
            8,
            53,
            2
          ],
          [
            90,
            136,
            167,
            0
          ],
          [
            140,
            34,
            677,
            2
          ],
          [
            48,
            0,
            178,
            6
          ]
        ]
      }
    ]
  }
}