{
  "encoder": "facebook/dinov2-base",
  "use_lora": false,
  "classifier": "rf",
  "pooling": "cls",
  "epochs": 6,
  "batch_size": 16,
  "test_metrics": {
    "accuracy": 0.6592836946277097,
    "precision_macro": 0.7403393100017617,
    "recall_macro": 0.5182059652990326,
    "f1_macro": 0.5034404994789929,
    "kappa_quadratic": 0.5921815942885208,
    "confusion_matrix": [
      [
        602,
        6,
        36,
        0
      ],
      [
        114,
        121,
        158,
        0
      ],
      [
        165,
        22,
        664,
        2
      ],
      [
        57,
        0,
        163,
        12
      ]
    ],
    "auc_weighted": 0.8678620524655081
  }
}