{
  "encoder": "/Users/salvatorevella/Documents/GitHub/DataScience/CP8321/Project/UNI_model",
  "use_lora": true,
  "classifier": "linear",
  "pooling": "cls",
  "epochs": 10,
  "batch_size": 16,
  "test_metrics": {
    "accuracy": 0.5179076343072573,
    "precision_macro": 0.2586477065068225,
    "recall_macro": 0.37051227672882703,
    "f1_macro": 0.30362837373216434,
    "kappa_quadratic": 0.4221848211864738,
    "confusion_matrix": [
      [
        509,
        0,
        135,
        0
      ],
      [
        215,
        0,
        178,
        0
      ],
      [
        263,
        0,
        590,
        0
      ],
      [
        49,
        0,
        183,
        0
      ]
    ],
    "auc_weighted": 0.7021126723485773
  }
}