{
  "encoder": "/Users/salvatorevella/Documents/GitHub/DataScience/CP8321/Project/UNI_model",
  "use_lora": true,
  "classifier": "linear",
  "pooling": "cls",
  "epochs": 10,
  "batch_size": 16,
  "test_metrics": {
    "accuracy": 0.5207351555136663,
    "precision_macro": 0.3084795924419774,
    "recall_macro": 0.3783270885523716,
    "f1_macro": 0.3199544659407002,
    "kappa_quadratic": 0.4479837732493298,
    "confusion_matrix": [
      [
        533,
        16,
        95,
        0
      ],
      [
        241,
        11,
        141,
        0
      ],
      [
        264,
        28,
        561,
        0
      ],
      [
        48,
        12,
        172,
        0
      ]
    ],
    "auc_weighted": 0.7271588914776339
  }
}