{
  "encoder": "owkin/phikon",
  "classifier": "linear",
  "use_lora": false,
  "num_folds": 4,
  "aggregated_metrics": {
    "accuracy": {
      "mean": 0.7013430725730443,
      "std": 0.016949984733408925,
      "values": [
        0.6913289349670122,
        0.679076343072573,
        0.7134778510838832,
        0.7214891611687088
      ]
    },
    "precision_macro": {
      "mean": 0.7049116751110992,
      "std": 0.026316682789970385,
      "values": [
        0.6784251047361369,
        0.6808597927378268,
        0.7198568491496905,
        0.7405049538207426
      ]
    },
    "recall_macro": {
      "mean": 0.5961408411761036,
      "std": 0.02574418757062311,
      "values": [
        0.6010224273596537,
        0.5549518730615208,
        0.6259474031468963,
        0.6026416611363432
      ]
    },
    "f1_macro": {
      "mean": 0.6086219016755733,
      "std": 0.03295399535038534,
      "values": [
        0.6205243401985604,
        0.5554749023353257,
        0.6454774004657008,
        0.6130109637027062
      ]
    },
    "kappa_quadratic": {
      "mean": 0.7359267869054258,
      "std": 0.021859910229391516,
      "values": [
        0.7195297227590811,
        0.7099123452301885,
        0.7513688647894862,
        0.7628962148429475
      ]
    },
    "auc_weighted": {
      "mean": 0.8902111660581089,
      "std": 0.00980349489862881,
      "values": [
        0.8811504168036571,
        0.8797654138381541,
        0.9011832958975032,
        0.8987455376931209
      ]
    }
  },
  "individual_folds": [
    {
      "encoder": "owkin/phikon",
      "use_lora": false,
      "classifier": "linear",
      "pooling": "mean",
      "epochs": 6,
      "batch_size": 16,
      "test_metrics": {
        "accuracy": 0.6913289349670122,
        "precision_macro": 0.6784251047361369,
        "recall_macro": 0.6010224273596537,
        "f1_macro": 0.6205243401985604,
        "kappa_quadratic": 0.7195297227590811,
        "confusion_matrix": [
          [
            539,
            20,
            81,
            4
          ],
          [
            79,
            180,
            130,
            4
          ],
          [
            68,
            77,
            674,
            34
          ],
          [
            5,
            2,
            151,
            74
          ]
        ],
        "auc_weighted": 0.8811504168036571
      },
      "fold": 1
    },
    {
      "encoder": "owkin/phikon",
      "use_lora": false,
      "classifier": "linear",
      "pooling": "mean",
      "epochs": 6,
      "batch_size": 16,
      "test_metrics": {
        "accuracy": 0.679076343072573,
        "precision_macro": 0.6808597927378268,
        "recall_macro": 0.5549518730615208,
        "f1_macro": 0.5554749023353257,
        "kappa_quadratic": 0.7099123452301885,
        "confusion_matrix": [
          [
            559,
            18,
            67,
            0
          ],
          [
            78,
            179,
            135,
            1
          ],
          [
            76,
            88,
            680,
            9
          ],
          [
            8,
            3,
            198,
            23
          ]
        ],
        "auc_weighted": 0.8797654138381541
      },
      "fold": 2
    },
    {
      "encoder": "owkin/phikon",
      "use_lora": false,
      "classifier": "linear",
      "pooling": "mean",
      "epochs": 6,
      "batch_size": 16,
      "test_metrics": {
        "accuracy": 0.7134778510838832,
        "precision_macro": 0.7198568491496905,
        "recall_macro": 0.6259474031468963,
        "f1_macro": 0.6454774004657008,
        "kappa_quadratic": 0.7513688647894862,
        "confusion_matrix": [
          [
            600,
            10,
            34,
            0
          ],
          [
            92,
            159,
            141,
            1
          ],
          [
            101,
            58,
            665,
            29
          ],
          [
            10,
            1,
            131,
            90
          ]
        ],
        "auc_weighted": 0.9011832958975032
      },
      "fold": 3
    },
    {
      "encoder": "owkin/phikon",
      "use_lora": false,
      "classifier": "linear",
      "pooling": "mean",
      "epochs": 6,
      "batch_size": 16,
      "test_metrics": {
        "accuracy": 0.7214891611687088,
        "precision_macro": 0.7405049538207426,
        "recall_macro": 0.6026416611363432,
        "f1_macro": 0.6130109637027062,
        "kappa_quadratic": 0.7628962148429475,
        "confusion_matrix": [
          [
            614,
            12,
            17,
            1
          ],
          [
            69,
            187,
            136,
            1
          ],
          [
            101,
            52,
            690,
            10
          ],
          [
            6,
            0,
            186,
            40
          ]
        ],
        "auc_weighted": 0.8987455376931209
      },
      "fold": 4
    }
  ],
  "confusion_matrices": {
    "average": [
      [
        578.0,
        15.0,
        49.75,
        1.25
      ],
      [
        79.5,
        176.25,
        135.5,
        1.75
      ],
      [
        86.5,
        68.75,
        677.25,
        20.5
      ],
      [
        7.25,
        1.5,
        166.5,
        56.75
      ]
    ],
    "per_fold": [
      {
        "fold": 1,
        "matrix": [
          [
            539,
            20,
            81,
            4
          ],
          [
            79,
            180,
            130,
            4
          ],
          [
            68,
            77,
            674,
            34
          ],
          [
            5,
            2,
            151,
            74
          ]
        ]
      },
      {
        "fold": 2,
        "matrix": [
          [
            559,
            18,
            67,
            0
          ],
          [
            78,
            179,
            135,
            1
          ],
          [
            76,
            88,
            680,
            9
          ],
          [
            8,
            3,
            198,
            23
          ]
        ]
      },
      {
        "fold": 3,
        "matrix": [
          [
            600,
            10,
            34,
            0
          ],
          [
            92,
            159,
            141,
            1
          ],
          [
            101,
            58,
            665,
            29
          ],
          [
            10,
            1,
            131,
            90
          ]
        ]
      },
      {
        "fold": 4,
        "matrix": [
          [
            614,
            12,
            17,
            1
          ],
          [
            69,
            187,
            136,
            1
          ],
          [
            101,
            52,
            690,
            10
          ],
          [
            6,
            0,
            186,
            40
          ]
        ]
      }
    ]
  }
}