{
  "encoder": "owkin/phikon",
  "classifier": "linear",
  "use_lora": true,
  "num_folds": 4,
  "aggregated_metrics": {
    "accuracy": {
      "mean": 0.746229971724788,
      "std": 0.01813713986609405,
      "values": [
        0.7379830348727615,
        0.7238454288407163,
        0.7497643732327992,
        0.7733270499528746
      ]
    },
    "precision_macro": {
      "mean": 0.7293823455935325,
      "std": 0.01467913746636986,
      "values": [
        0.7181102414953346,
        0.7218345361486523,
        0.7229685231716386,
        0.7546160815585043
      ]
    },
    "recall_macro": {
      "mean": 0.6799289720728692,
      "std": 0.020944924757322066,
      "values": [
        0.684207296438044,
        0.6481000495472992,
        0.7068164295251533,
        0.68059211278098
      ]
    },
    "f1_macro": {
      "mean": 0.691845525986454,
      "std": 0.015106526564722948,
      "values": [
        0.6900347924521861,
        0.669770322026952,
        0.7120639460394262,
        0.6955130434272515
      ]
    },
    "kappa_quadratic": {
      "mean": 0.8095280787845602,
      "std": 0.035478904162513585,
      "values": [
        0.8223370576258482,
        0.7524666887122728,
        0.8138245278611409,
        0.849484040938979
      ]
    },
    "auc_weighted": {
      "mean": 0.9176619742010808,
      "std": 0.006606089559045676,
      "values": [
        0.9165198844799985,
        0.9074942050354401,
        0.9250369798481297,
        0.9215968274407544
      ]
    }
  },
  "individual_folds": [
    {
      "encoder": "owkin/phikon",
      "use_lora": true,
      "classifier": "linear",
      "pooling": "cls",
      "epochs": 6,
      "batch_size": 16,
      "test_metrics": {
        "accuracy": 0.7379830348727615,
        "precision_macro": 0.7181102414953346,
        "recall_macro": 0.684207296438044,
        "f1_macro": 0.6900347924521861,
        "kappa_quadratic": 0.8223370576258482,
        "confusion_matrix": [
          [
            587,
            39,
            16,
            2
          ],
          [
            56,
            272,
            63,
            2
          ],
          [
            27,
            179,
            610,
            37
          ],
          [
            5,
            0,
            130,
            97
          ]
        ],
        "auc_weighted": 0.9165198844799985
      },
      "fold": 1
    },
    {
      "encoder": "owkin/phikon",
      "use_lora": true,
      "classifier": "linear",
      "pooling": "cls",
      "epochs": 6,
      "batch_size": 16,
      "test_metrics": {
        "accuracy": 0.7238454288407163,
        "precision_macro": 0.7218345361486523,
        "recall_macro": 0.6481000495472992,
        "f1_macro": 0.669770322026952,
        "kappa_quadratic": 0.7524666887122728,
        "confusion_matrix": [
          [
            507,
            29,
            104,
            4
          ],
          [
            49,
            242,
            101,
            1
          ],
          [
            16,
            102,
            702,
            33
          ],
          [
            3,
            2,
            142,
            85
          ]
        ],
        "auc_weighted": 0.9074942050354401
      },
      "fold": 2
    },
    {
      "encoder": "owkin/phikon",
      "use_lora": true,
      "classifier": "linear",
      "pooling": "cls",
      "epochs": 6,
      "batch_size": 16,
      "test_metrics": {
        "accuracy": 0.7497643732327992,
        "precision_macro": 0.7229685231716386,
        "recall_macro": 0.7068164295251533,
        "f1_macro": 0.7120639460394262,
        "kappa_quadratic": 0.8138245278611409,
        "confusion_matrix": [
          [
            576,
            28,
            36,
            4
          ],
          [
            39,
            267,
            87,
            0
          ],
          [
            20,
            147,
            628,
            58
          ],
          [
            6,
            6,
            100,
            120
          ]
        ],
        "auc_weighted": 0.9250369798481297
      },
      "fold": 3
    },
    {
      "encoder": "owkin/phikon",
      "use_lora": true,
      "classifier": "linear",
      "pooling": "cls",
      "epochs": 6,
      "batch_size": 16,
      "test_metrics": {
        "accuracy": 0.7733270499528746,
        "precision_macro": 0.7546160815585043,
        "recall_macro": 0.68059211278098,
        "f1_macro": 0.6955130434272515,
        "kappa_quadratic": 0.849484040938979,
        "confusion_matrix": [
          [
            622,
            7,
            14,
            1
          ],
          [
            30,
            254,
            107,
            2
          ],
          [
            22,
            108,
            697,
            26
          ],
          [
            2,
            2,
            160,
            68
          ]
        ],
        "auc_weighted": 0.9215968274407544
      },
      "fold": 4
    }
  ],
  "confusion_matrices": {
    "average": [
      [
        573.0,
        25.75,
        42.5,
        2.75
      ],
      [
        43.5,
        258.75,
        89.5,
        1.25
      ],
      [
        21.25,
        134.0,
        659.25,
        38.5
      ],
      [
        4.0,
        2.5,
        133.0,
        92.5
      ]
    ],
    "per_fold": [
      {
        "fold": 1,
        "matrix": [
          [
            587,
            39,
            16,
            2
          ],
          [
            56,
            272,
            63,
            2
          ],
          [
            27,
            179,
            610,
            37
          ],
          [
            5,
            0,
            130,
            97
          ]
        ]
      },
      {
        "fold": 2,
        "matrix": [
          [
            507,
            29,
            104,
            4
          ],
          [
            49,
            242,
            101,
            1
          ],
          [
            16,
            102,
            702,
            33
          ],
          [
            3,
            2,
            142,
            85
          ]
        ]
      },
      {
        "fold": 3,
        "matrix": [
          [
            576,
            28,
            36,
            4
          ],
          [
            39,
            267,
            87,
            0
          ],
          [
            20,
            147,
            628,
            58
          ],
          [
            6,
            6,
            100,
            120
          ]
        ]
      },
      {
        "fold": 4,
        "matrix": [
          [
            622,
            7,
            14,
            1
          ],
          [
            30,
            254,
            107,
            2
          ],
          [
            22,
            108,
            697,
            26
          ],
          [
            2,
            2,
            160,
            68
          ]
        ]
      }
    ]
  }
}