{
  "encoder": "owkin/phikon",
  "use_lora": true,
  "classifier": "linear",
  "pooling": "cls",
  "epochs": 6,
  "batch_size": 16,
  "test_metrics": {
    "accuracy": 0.7238454288407163,
    "precision_macro": 0.7218345361486523,
    "recall_macro": 0.6481000495472992,
    "f1_macro": 0.669770322026952,
    "kappa_quadratic": 0.7524666887122728,
    "confusion_matrix": [
      [
        507,
        29,
        104,
        4
      ],
      [
        49,
        242,
        101,
        1
      ],
      [
        16,
        102,
        702,
        33
      ],
      [
        3,
        2,
        142,
        85
      ]
    ],
    "auc_weighted": 0.9074942050354401
  }
}