{
  "encoder": "facebook/dinov2-base",
  "classifier": "linear",
  "use_lora": false,
  "num_folds": 4,
  "aggregated_metrics": {
    "accuracy": {
      "mean": 0.6703581526861452,
      "std": 0.02023236921461644,
      "values": [
        0.6913289349670122,
        0.6654099905749293,
        0.6852026390197926,
        0.6394910461828464
      ]
    },
    "precision_macro": {
      "mean": 0.6823587062963041,
      "std": 0.03175948529127227,
      "values": [
        0.7188392102473089,
        0.6867153153643192,
        0.692362325193159,
        0.6315179743804292
      ]
    },
    "recall_macro": {
      "mean": 0.5399848133783249,
      "std": 0.027572439995018058,
      "values": [
        0.5642180508998762,
        0.5243110534175076,
        0.5686551042563199,
        0.5027550449395957
      ]
    },
    "f1_macro": {
      "mean": 0.5371427408964187,
      "std": 0.03929935246727562,
      "values": [
        0.5743781473258516,
        0.5179717258731483,
        0.5742656748647165,
        0.4819554155219585
      ]
    },
    "kappa_quadratic": {
      "mean": 0.624724878901148,
      "std": 0.046757564659470584,
      "values": [
        0.6775585420570827,
        0.632884471050174,
        0.6391003801745223,
        0.5493561223228132
      ]
    },
    "auc_weighted": {
      "mean": 0.866450205111445,
      "std": 0.012631881700476286,
      "values": [
        0.8748094189372103,
        0.8674090834961068,
        0.8779783208392531,
        0.8456039971732099
      ]
    }
  },
  "individual_folds": [
    {
      "encoder": "facebook/dinov2-base",
      "use_lora": false,
      "classifier": "linear",
      "pooling": "mean",
      "epochs": 6,
      "batch_size": 16,
      "test_metrics": {
        "accuracy": 0.6913289349670122,
        "precision_macro": 0.7188392102473089,
        "recall_macro": 0.5642180508998762,
        "f1_macro": 0.5743781473258516,
        "kappa_quadratic": 0.6775585420570827,
        "confusion_matrix": [
          [
            568,
            19,
            54,
            3
          ],
          [
            83,
            147,
            162,
            1
          ],
          [
            96,
            35,
            714,
            8
          ],
          [
            29,
            0,
            165,
            38
          ]
        ],
        "auc_weighted": 0.8748094189372103
      },
      "fold": 1
    },
    {
      "encoder": "facebook/dinov2-base",
      "use_lora": false,
      "classifier": "linear",
      "pooling": "mean",
      "epochs": 6,
      "batch_size": 16,
      "test_metrics": {
        "accuracy": 0.6654099905749293,
        "precision_macro": 0.6867153153643192,
        "recall_macro": 0.5243110534175076,
        "f1_macro": 0.5179717258731483,
        "kappa_quadratic": 0.632884471050174,
        "confusion_matrix": [
          [
            572,
            17,
            50,
            5
          ],
          [
            87,
            120,
            186,
            0
          ],
          [
            117,
            32,
            701,
            3
          ],
          [
            38,
            0,
            175,
            19
          ]
        ],
        "auc_weighted": 0.8674090834961068
      },
      "fold": 2
    },
    {
      "encoder": "facebook/dinov2-base",
      "use_lora": false,
      "classifier": "linear",
      "pooling": "mean",
      "epochs": 6,
      "batch_size": 16,
      "test_metrics": {
        "accuracy": 0.6852026390197926,
        "precision_macro": 0.692362325193159,
        "recall_macro": 0.5686551042563199,
        "f1_macro": 0.5742656748647165,
        "kappa_quadratic": 0.6391003801745223,
        "confusion_matrix": [
          [
            597,
            19,
            25,
            3
          ],
          [
            87,
            163,
            142,
            1
          ],
          [
            136,
            49,
            656,
            12
          ],
          [
            48,
            2,
            144,
            38
          ]
        ],
        "auc_weighted": 0.8779783208392531
      },
      "fold": 3
    },
    {
      "encoder": "facebook/dinov2-base",
      "use_lora": false,
      "classifier": "linear",
      "pooling": "mean",
      "epochs": 6,
      "batch_size": 16,
      "test_metrics": {
        "accuracy": 0.6394910461828464,
        "precision_macro": 0.6315179743804292,
        "recall_macro": 0.5027550449395957,
        "f1_macro": 0.4819554155219585,
        "kappa_quadratic": 0.5493561223228132,
        "confusion_matrix": [
          [
            586,
            21,
            35,
            2
          ],
          [
            78,
            130,
            185,
            0
          ],
          [
            167,
            49,
            635,
            2
          ],
          [
            68,
            1,
            157,
            6
          ]
        ],
        "auc_weighted": 0.8456039971732099
      },
      "fold": 4
    }
  ],
  "confusion_matrices": {
    "average": [
      [
        580.75,
        19.0,
        41.0,
        3.25
      ],
      [
        83.75,
        140.0,
        168.75,
        0.5
      ],
      [
        129.0,
        41.25,
        676.5,
        6.25
      ],
      [
        45.75,
        0.75,
        160.25,
        25.25
      ]
    ],
    "per_fold": [
      {
        "fold": 1,
        "matrix": [
          [
            568,
            19,
            54,
            3
          ],
          [
            83,
            147,
            162,
            1
          ],
          [
            96,
            35,
            714,
            8
          ],
          [
            29,
            0,
            165,
            38
          ]
        ]
      },
      {
        "fold": 2,
        "matrix": [
          [
            572,
            17,
            50,
            5
          ],
          [
            87,
            120,
            186,
            0
          ],
          [
            117,
            32,
            701,
            3
          ],
          [
            38,
            0,
            175,
            19
          ]
        ]
      },
      {
        "fold": 3,
        "matrix": [
          [
            597,
            19,
            25,
            3
          ],
          [
            87,
            163,
            142,
            1
          ],
          [
            136,
            49,
            656,
            12
          ],
          [
            48,
            2,
            144,
            38
          ]
        ]
      },
      {
        "fold": 4,
        "matrix": [
          [
            586,
            21,
            35,
            2
          ],
          [
            78,
            130,
            185,
            0
          ],
          [
            167,
            49,
            635,
            2
          ],
          [
            68,
            1,
            157,
            6
          ]
        ]
      }
    ]
  }
}