{
  "encoder": "facebook/dinov2-base",
  "classifier": "mlp",
  "use_lora": false,
  "num_folds": 4,
  "aggregated_metrics": {
    "accuracy": {
      "mean": 0.694392082940622,
      "std": 0.03606321363104141,
      "values": [
        0.7210179076343073,
        0.7082940622054665,
        0.7158341187558906,
        0.6324222431668237
      ]
    },
    "precision_macro": {
      "mean": 0.6851438556381949,
      "std": 0.022974201217085786,
      "values": [
        0.7195140496953643,
        0.6755508068912914,
        0.6890489228097186,
        0.6564616431564053
      ]
    },
    "recall_macro": {
      "mean": 0.5979512379360757,
      "std": 0.05260267240554828,
      "values": [
        0.607273125336607,
        0.6134152962509682,
        0.6577903851498499,
        0.5133261450068777
      ]
    },
    "f1_macro": {
      "mean": 0.602413846010224,
      "std": 0.05982300086905782,
      "values": [
        0.6157835843118917,
        0.627491369392116,
        0.6630915220576644,
        0.503288908279224
      ]
    },
    "kappa_quadratic": {
      "mean": 0.6600375766740835,
      "std": 0.09656903067097584,
      "values": [
        0.7176031340629784,
        0.7155724302790596,
        0.7141863908047308,
        0.49278835154956513
      ]
    },
    "auc_weighted": {
      "mean": 0.8873739367148307,
      "std": 0.016002599472572872,
      "values": [
        0.8952158764837554,
        0.8921097234420288,
        0.9018372957856895,
        0.8603328511478492
      ]
    }
  },
  "individual_folds": [
    {
      "encoder": "facebook/dinov2-base",
      "use_lora": false,
      "classifier": "mlp",
      "pooling": "mean",
      "epochs": 6,
      "batch_size": 16,
      "test_metrics": {
        "accuracy": 0.7210179076343073,
        "precision_macro": 0.7195140496953643,
        "recall_macro": 0.607273125336607,
        "f1_macro": 0.6157835843118917,
        "kappa_quadratic": 0.7176031340629784,
        "confusion_matrix": [
          [
            589,
            26,
            25,
            4
          ],
          [
            84,
            206,
            103,
            0
          ],
          [
            88,
            59,
            694,
            12
          ],
          [
            29,
            0,
            162,
            41
          ]
        ],
        "auc_weighted": 0.8952158764837554
      },
      "fold": 1
    },
    {
      "encoder": "facebook/dinov2-base",
      "use_lora": false,
      "classifier": "mlp",
      "pooling": "mean",
      "epochs": 6,
      "batch_size": 16,
      "test_metrics": {
        "accuracy": 0.7082940622054665,
        "precision_macro": 0.6755508068912914,
        "recall_macro": 0.6134152962509682,
        "f1_macro": 0.627491369392116,
        "kappa_quadratic": 0.7155724302790596,
        "confusion_matrix": [
          [
            562,
            38,
            30,
            14
          ],
          [
            70,
            195,
            126,
            2
          ],
          [
            78,
            65,
            679,
            31
          ],
          [
            19,
            2,
            144,
            67
          ]
        ],
        "auc_weighted": 0.8921097234420288
      },
      "fold": 2
    },
    {
      "encoder": "facebook/dinov2-base",
      "use_lora": false,
      "classifier": "mlp",
      "pooling": "mean",
      "epochs": 6,
      "batch_size": 16,
      "test_metrics": {
        "accuracy": 0.7158341187558906,
        "precision_macro": 0.6890489228097186,
        "recall_macro": 0.6577903851498499,
        "f1_macro": 0.6630915220576644,
        "kappa_quadratic": 0.7141863908047308,
        "confusion_matrix": [
          [
            621,
            14,
            5,
            4
          ],
          [
            91,
            212,
            84,
            6
          ],
          [
            118,
            103,
            583,
            49
          ],
          [
            34,
            3,
            92,
            103
          ]
        ],
        "auc_weighted": 0.9018372957856895
      },
      "fold": 3
    },
    {
      "encoder": "facebook/dinov2-base",
      "use_lora": false,
      "classifier": "mlp",
      "pooling": "mean",
      "epochs": 6,
      "batch_size": 16,
      "test_metrics": {
        "accuracy": 0.6324222431668237,
        "precision_macro": 0.6564616431564053,
        "recall_macro": 0.5133261450068777,
        "f1_macro": 0.503288908279224,
        "kappa_quadratic": 0.49278835154956513,
        "confusion_matrix": [
          [
            615,
            16,
            10,
            3
          ],
          [
            114,
            129,
            150,
            0
          ],
          [
            231,
            38,
            576,
            8
          ],
          [
            97,
            2,
            111,
            22
          ]
        ],
        "auc_weighted": 0.8603328511478492
      },
      "fold": 4
    }
  ],
  "confusion_matrices": {
    "average": [
      [
        596.75,
        23.5,
        17.5,
        6.25
      ],
      [
        89.75,
        185.5,
        115.75,
        2.0
      ],
      [
        128.75,
        66.25,
        633.0,
        25.0
      ],
      [
        44.75,
        1.75,
        127.25,
        58.25
      ]
    ],
    "per_fold": [
      {
        "fold": 1,
        "matrix": [
          [
            589,
            26,
            25,
            4
          ],
          [
            84,
            206,
            103,
            0
          ],
          [
            88,
            59,
            694,
            12
          ],
          [
            29,
            0,
            162,
            41
          ]
        ]
      },
      {
        "fold": 2,
        "matrix": [
          [
            562,
            38,
            30,
            14
          ],
          [
            70,
            195,
            126,
            2
          ],
          [
            78,
            65,
            679,
            31
          ],
          [
            19,
            2,
            144,
            67
          ]
        ]
      },
      {
        "fold": 3,
        "matrix": [
          [
            621,
            14,
            5,
            4
          ],
          [
            91,
            212,
            84,
            6
          ],
          [
            118,
            103,
            583,
            49
          ],
          [
            34,
            3,
            92,
            103
          ]
        ]
      },
      {
        "fold": 4,
        "matrix": [
          [
            615,
            16,
            10,
            3
          ],
          [
            114,
            129,
            150,
            0
          ],
          [
            231,
            38,
            576,
            8
          ],
          [
            97,
            2,
            111,
            22
          ]
        ]
      }
    ]
  }
}