{
  "encoder": "facebook/dinov2-base",
  "use_lora": false,
  "classifier": "mlp",
  "pooling": "mean",
  "epochs": 6,
  "batch_size": 16,
  "test_metrics": {
    "accuracy": 0.7210179076343073,
    "precision_macro": 0.7195140496953643,
    "recall_macro": 0.607273125336607,
    "f1_macro": 0.6157835843118917,
    "kappa_quadratic": 0.7176031340629784,
    "confusion_matrix": [
      [
        589,
        26,
        25,
        4
      ],
      [
        84,
        206,
        103,
        0
      ],
      [
        88,
        59,
        694,
        12
      ],
      [
        29,
        0,
        162,
        41
      ]
    ],
    "auc_weighted": 0.8952158764837554
  }
}