{
  "encoder": "owkin/phikon",
  "classifier": "linear",
  "use_lora": false,
  "num_folds": 4,
  "aggregated_metrics": {
    "accuracy": {
      "mean": 0.7018143261074458,
      "std": 0.016900780551801452,
      "values": [
        0.7016965127238455,
        0.674363807728558,
        0.7177191328934966,
        0.7134778510838832
      ]
    },
    "precision_macro": {
      "mean": 0.672010341394299,
      "std": 0.012911514173803713,
      "values": [
        0.6606544159445895,
        0.6582436022330003,
        0.6805235565752544,
        0.6886197908243521
      ]
    },
    "recall_macro": {
      "mean": 0.6435588627704752,
      "std": 0.03552965667122915,
      "values": [
        0.6817907822602982,
        0.6016996705113368,
        0.6756130002618139,
        0.6151319980484521
      ]
    },
    "f1_macro": {
      "mean": 0.6469523109194926,
      "std": 0.024798950430123846,
      "values": [
        0.6661482885573781,
        0.616490940673748,
        0.6760383289467496,
        0.6291316855000944
      ]
    },
    "kappa_quadratic": {
      "mean": 0.7657081835354841,
      "std": 0.024107365714814807,
      "values": [
        0.7878871948107535,
        0.7284842753695449,
        0.7861526671400163,
        0.7603085968216217
      ]
    },
    "auc_weighted": {
      "mean": 0.893955665305029,
      "std": 0.010833504120096276,
      "values": [
        0.8990643572291439,
        0.8755787573838496,
        0.903558526433174,
        0.8976210201739483
      ]
    }
  },
  "individual_folds": [
    {
      "encoder": "owkin/phikon",
      "use_lora": false,
      "classifier": "linear",
      "pooling": "cls",
      "epochs": 6,
      "batch_size": 16,
      "test_metrics": {
        "accuracy": 0.7016965127238455,
        "precision_macro": 0.6606544159445895,
        "recall_macro": 0.6817907822602982,
        "f1_macro": 0.6661482885573781,
        "kappa_quadratic": 0.7878871948107535,
        "confusion_matrix": [
          [
            607,
            21,
            15,
            1
          ],
          [
            104,
            220,
            62,
            7
          ],
          [
            74,
            150,
            519,
            110
          ],
          [
            8,
            0,
            81,
            143
          ]
        ],
        "auc_weighted": 0.8990643572291439
      },
      "fold": 1
    },
    {
      "encoder": "owkin/phikon",
      "use_lora": false,
      "classifier": "linear",
      "pooling": "cls",
      "epochs": 6,
      "batch_size": 16,
      "test_metrics": {
        "accuracy": 0.674363807728558,
        "precision_macro": 0.6582436022330003,
        "recall_macro": 0.6016996705113368,
        "f1_macro": 0.616490940673748,
        "kappa_quadratic": 0.7284842753695449,
        "confusion_matrix": [
          [
            538,
            26,
            78,
            2
          ],
          [
            93,
            197,
            102,
            1
          ],
          [
            40,
            162,
            615,
            36
          ],
          [
            9,
            2,
            140,
            81
          ]
        ],
        "auc_weighted": 0.8755787573838496
      },
      "fold": 2
    },
    {
      "encoder": "owkin/phikon",
      "use_lora": false,
      "classifier": "linear",
      "pooling": "cls",
      "epochs": 6,
      "batch_size": 16,
      "test_metrics": {
        "accuracy": 0.7177191328934966,
        "precision_macro": 0.6805235565752544,
        "recall_macro": 0.6756130002618139,
        "f1_macro": 0.6760383289467496,
        "kappa_quadratic": 0.7861526671400163,
        "confusion_matrix": [
          [
            595,
            17,
            30,
            2
          ],
          [
            93,
            206,
            90,
            4
          ],
          [
            50,
            137,
            592,
            74
          ],
          [
            12,
            1,
            89,
            130
          ]
        ],
        "auc_weighted": 0.903558526433174
      },
      "fold": 3
    },
    {
      "encoder": "owkin/phikon",
      "use_lora": false,
      "classifier": "linear",
      "pooling": "cls",
      "epochs": 6,
      "batch_size": 16,
      "test_metrics": {
        "accuracy": 0.7134778510838832,
        "precision_macro": 0.6886197908243521,
        "recall_macro": 0.6151319980484521,
        "f1_macro": 0.6291316855000944,
        "kappa_quadratic": 0.7603085968216217,
        "confusion_matrix": [
          [
            591,
            7,
            46,
            0
          ],
          [
            98,
            194,
            93,
            8
          ],
          [
            82,
            69,
            667,
            35
          ],
          [
            2,
            2,
            166,
            62
          ]
        ],
        "auc_weighted": 0.8976210201739483
      },
      "fold": 4
    }
  ],
  "confusion_matrices": {
    "average": [
      [
        582.75,
        17.75,
        42.25,
        1.25
      ],
      [
        97.0,
        204.25,
        86.75,
        5.0
      ],
      [
        61.5,
        129.5,
        598.25,
        63.75
      ],
      [
        7.75,
        1.25,
        119.0,
        104.0
      ]
    ],
    "per_fold": [
      {
        "fold": 1,
        "matrix": [
          [
            607,
            21,
            15,
            1
          ],
          [
            104,
            220,
            62,
            7
          ],
          [
            74,
            150,
            519,
            110
          ],
          [
            8,
            0,
            81,
            143
          ]
        ]
      },
      {
        "fold": 2,
        "matrix": [
          [
            538,
            26,
            78,
            2
          ],
          [
            93,
            197,
            102,
            1
          ],
          [
            40,
            162,
            615,
            36
          ],
          [
            9,
            2,
            140,
            81
          ]
        ]
      },
      {
        "fold": 3,
        "matrix": [
          [
            595,
            17,
            30,
            2
          ],
          [
            93,
            206,
            90,
            4
          ],
          [
            50,
            137,
            592,
            74
          ],
          [
            12,
            1,
            89,
            130
          ]
        ]
      },
      {
        "fold": 4,
        "matrix": [
          [
            591,
            7,
            46,
            0
          ],
          [
            98,
            194,
            93,
            8
          ],
          [
            82,
            69,
            667,
            35
          ],
          [
            2,
            2,
            166,
            62
          ]
        ]
      }
    ]
  }
}