{
  "encoder": "facebook/dinov2-base",
  "classifier": "linear",
  "use_lora": false,
  "num_folds": 4,
  "aggregated_metrics": {
    "accuracy": {
      "mean": 0.6835532516493874,
      "std": 0.014076604176478666,
      "values": [
        0.6870876531573987,
        0.6889726672950047,
        0.6979264844486334,
        0.6602262016965127
      ]
    },
    "precision_macro": {
      "mean": 0.648506985211086,
      "std": 0.03978971346728593,
      "values": [
        0.6764860683259083,
        0.6534227951298227,
        0.6819837508477641,
        0.5821353265408485
      ]
    },
    "recall_macro": {
      "mean": 0.5753283952255726,
      "std": 0.03148281723004502,
      "values": [
        0.563201108713306,
        0.5797280148290355,
        0.6225995147862791,
        0.5357849425736696
      ]
    },
    "f1_macro": {
      "mean": 0.5768501887411552,
      "std": 0.04166500126089591,
      "values": [
        0.5678152396472357,
        0.5876298031390311,
        0.6340490925151127,
        0.5179066196632416
      ]
    },
    "kappa_quadratic": {
      "mean": 0.6445799912622119,
      "std": 0.05084209582832606,
      "values": [
        0.6710157711859364,
        0.6753192467889051,
        0.6754122943166786,
        0.5565726527573273
      ]
    },
    "auc_weighted": {
      "mean": 0.876110249388177,
      "std": 0.014034392169589498,
      "values": [
        0.8752667120653052,
        0.884777520279545,
        0.8906566884699139,
        0.8537400767379442
      ]
    }
  },
  "individual_folds": [
    {
      "encoder": "facebook/dinov2-base",
      "use_lora": false,
      "classifier": "linear",
      "pooling": "cls",
      "epochs": 6,
      "batch_size": 16,
      "test_metrics": {
        "accuracy": 0.6870876531573987,
        "precision_macro": 0.6764860683259083,
        "recall_macro": 0.563201108713306,
        "f1_macro": 0.5678152396472357,
        "kappa_quadratic": 0.6710157711859364,
        "confusion_matrix": [
          [
            583,
            24,
            35,
            2
          ],
          [
            90,
            159,
            140,
            4
          ],
          [
            117,
            38,
            683,
            15
          ],
          [
            33,
            0,
            166,
            33
          ]
        ],
        "auc_weighted": 0.8752667120653052
      },
      "fold": 1
    },
    {
      "encoder": "facebook/dinov2-base",
      "use_lora": false,
      "classifier": "linear",
      "pooling": "cls",
      "epochs": 6,
      "batch_size": 16,
      "test_metrics": {
        "accuracy": 0.6889726672950047,
        "precision_macro": 0.6534227951298227,
        "recall_macro": 0.5797280148290355,
        "f1_macro": 0.5876298031390311,
        "kappa_quadratic": 0.6753192467889051,
        "confusion_matrix": [
          [
            562,
            31,
            42,
            9
          ],
          [
            79,
            189,
            117,
            8
          ],
          [
            101,
            65,
            669,
            18
          ],
          [
            24,
            1,
            165,
            42
          ]
        ],
        "auc_weighted": 0.884777520279545
      },
      "fold": 2
    },
    {
      "encoder": "facebook/dinov2-base",
      "use_lora": false,
      "classifier": "linear",
      "pooling": "cls",
      "epochs": 6,
      "batch_size": 16,
      "test_metrics": {
        "accuracy": 0.6979264844486334,
        "precision_macro": 0.6819837508477641,
        "recall_macro": 0.6225995147862791,
        "f1_macro": 0.6340490925151127,
        "kappa_quadratic": 0.6754122943166786,
        "confusion_matrix": [
          [
            600,
            16,
            25,
            3
          ],
          [
            99,
            166,
            113,
            15
          ],
          [
            136,
            60,
            620,
            37
          ],
          [
            36,
            1,
            100,
            95
          ]
        ],
        "auc_weighted": 0.8906566884699139
      },
      "fold": 3
    },
    {
      "encoder": "facebook/dinov2-base",
      "use_lora": false,
      "classifier": "linear",
      "pooling": "cls",
      "epochs": 6,
      "batch_size": 16,
      "test_metrics": {
        "accuracy": 0.6602262016965127,
        "precision_macro": 0.5821353265408485,
        "recall_macro": 0.5357849425736696,
        "f1_macro": 0.5179066196632416,
        "kappa_quadratic": 0.5565726527573273,
        "confusion_matrix": [
          [
            572,
            34,
            29,
            9
          ],
          [
            83,
            188,
            122,
            0
          ],
          [
            138,
            77,
            633,
            5
          ],
          [
            73,
            1,
            150,
            8
          ]
        ],
        "auc_weighted": 0.8537400767379442
      },
      "fold": 4
    }
  ],
  "confusion_matrices": {
    "average": [
      [
        579.25,
        26.25,
        32.75,
        5.75
      ],
      [
        87.75,
        175.5,
        123.0,
        6.75
      ],
      [
        123.0,
        60.0,
        651.25,
        18.75
      ],
      [
        41.5,
        0.75,
        145.25,
        44.5
      ]
    ],
    "per_fold": [
      {
        "fold": 1,
        "matrix": [
          [
            583,
            24,
            35,
            2
          ],
          [
            90,
            159,
            140,
            4
          ],
          [
            117,
            38,
            683,
            15
          ],
          [
            33,
            0,
            166,
            33
          ]
        ]
      },
      {
        "fold": 2,
        "matrix": [
          [
            562,
            31,
            42,
            9
          ],
          [
            79,
            189,
            117,
            8
          ],
          [
            101,
            65,
            669,
            18
          ],
          [
            24,
            1,
            165,
            42
          ]
        ]
      },
      {
        "fold": 3,
        "matrix": [
          [
            600,
            16,
            25,
            3
          ],
          [
            99,
            166,
            113,
            15
          ],
          [
            136,
            60,
            620,
            37
          ],
          [
            36,
            1,
            100,
            95
          ]
        ]
      },
      {
        "fold": 4,
        "matrix": [
          [
            572,
            34,
            29,
            9
          ],
          [
            83,
            188,
            122,
            0
          ],
          [
            138,
            77,
            633,
            5
          ],
          [
            73,
            1,
            150,
            8
          ]
        ]
      }
    ]
  }
}